{
  "": {
    "swift-dependencies": "/Users/ybon/Desktop/PerfectTemplate/.build/debug/PerfectThread.build/master.swiftdeps"
  },
  "/Users/ybon/Desktop/PerfectTemplate/Packages/PerfectThread-2.0.9/Sources/Promise.swift": {
    "dependencies": "/Users/ybon/Desktop/PerfectTemplate/.build/debug/PerfectThread.build/Promise.d",
    "object": "/Users/ybon/Desktop/PerfectTemplate/.build/debug/PerfectThread.build/Promise.swift.o",
    "swiftmodule": "/Users/ybon/Desktop/PerfectTemplate/.build/debug/PerfectThread.build/Promise~partial.swiftmodule",
    "swift-dependencies": "/Users/ybon/Desktop/PerfectTemplate/.build/debug/PerfectThread.build/Promise.swiftdeps"
  },
  "/Users/ybon/Desktop/PerfectTemplate/Packages/PerfectThread-2.0.9/Sources/Threading.swift": {
    "dependencies": "/Users/ybon/Desktop/PerfectTemplate/.build/debug/PerfectThread.build/Threading.d",
    "object": "/Users/ybon/Desktop/PerfectTemplate/.build/debug/PerfectThread.build/Threading.swift.o",
    "swiftmodule": "/Users/ybon/Desktop/PerfectTemplate/.build/debug/PerfectThread.build/Threading~partial.swiftmodule",
    "swift-dependencies": "/Users/ybon/Desktop/PerfectTemplate/.build/debug/PerfectThread.build/Threading.swiftdeps"
  },
  "/Users/ybon/Desktop/PerfectTemplate/Packages/PerfectThread-2.0.9/Sources/ThreadQueue.swift": {
    "dependencies": "/Users/ybon/Desktop/PerfectTemplate/.build/debug/PerfectThread.build/ThreadQueue.d",
    "object": "/Users/ybon/Desktop/PerfectTemplate/.build/debug/PerfectThread.build/ThreadQueue.swift.o",
    "swiftmodule": "/Users/ybon/Desktop/PerfectTemplate/.build/debug/PerfectThread.build/ThreadQueue~partial.swiftmodule",
    "swift-dependencies": "/Users/ybon/Desktop/PerfectTemplate/.build/debug/PerfectThread.build/ThreadQueue.swiftdeps"
  }
}
