{
  "": {
    "swift-dependencies": "/Users/ybon/Desktop/PerfectTemplate/.build/debug/PerfectHTTPServer.build/master.swiftdeps"
  },
  "/Users/ybon/Desktop/PerfectTemplate/Packages/PerfectHTTPServer-2.0.9/Sources/PerfectHTTPServer/HPACK.swift": {
    "dependencies": "/Users/ybon/Desktop/PerfectTemplate/.build/debug/PerfectHTTPServer.build/HPACK.d",
    "object": "/Users/ybon/Desktop/PerfectTemplate/.build/debug/PerfectHTTPServer.build/HPACK.swift.o",
    "swiftmodule": "/Users/ybon/Desktop/PerfectTemplate/.build/debug/PerfectHTTPServer.build/HPACK~partial.swiftmodule",
    "swift-dependencies": "/Users/ybon/Desktop/PerfectTemplate/.build/debug/PerfectHTTPServer.build/HPACK.swiftdeps"
  },
  "/Users/ybon/Desktop/PerfectTemplate/Packages/PerfectHTTPServer-2.0.9/Sources/PerfectHTTPServer/HTTP11Request.swift": {
    "dependencies": "/Users/ybon/Desktop/PerfectTemplate/.build/debug/PerfectHTTPServer.build/HTTP11Request.d",
    "object": "/Users/ybon/Desktop/PerfectTemplate/.build/debug/PerfectHTTPServer.build/HTTP11Request.swift.o",
    "swiftmodule": "/Users/ybon/Desktop/PerfectTemplate/.build/debug/PerfectHTTPServer.build/HTTP11Request~partial.swiftmodule",
    "swift-dependencies": "/Users/ybon/Desktop/PerfectTemplate/.build/debug/PerfectHTTPServer.build/HTTP11Request.swiftdeps"
  },
  "/Users/ybon/Desktop/PerfectTemplate/Packages/PerfectHTTPServer-2.0.9/Sources/PerfectHTTPServer/HTTP11Response.swift": {
    "dependencies": "/Users/ybon/Desktop/PerfectTemplate/.build/debug/PerfectHTTPServer.build/HTTP11Response.d",
    "object": "/Users/ybon/Desktop/PerfectTemplate/.build/debug/PerfectHTTPServer.build/HTTP11Response.swift.o",
    "swiftmodule": "/Users/ybon/Desktop/PerfectTemplate/.build/debug/PerfectHTTPServer.build/HTTP11Response~partial.swiftmodule",
    "swift-dependencies": "/Users/ybon/Desktop/PerfectTemplate/.build/debug/PerfectHTTPServer.build/HTTP11Response.swiftdeps"
  },
  "/Users/ybon/Desktop/PerfectTemplate/Packages/PerfectHTTPServer-2.0.9/Sources/PerfectHTTPServer/HTTP2.swift": {
    "dependencies": "/Users/ybon/Desktop/PerfectTemplate/.build/debug/PerfectHTTPServer.build/HTTP2.d",
    "object": "/Users/ybon/Desktop/PerfectTemplate/.build/debug/PerfectHTTPServer.build/HTTP2.swift.o",
    "swiftmodule": "/Users/ybon/Desktop/PerfectTemplate/.build/debug/PerfectHTTPServer.build/HTTP2~partial.swiftmodule",
    "swift-dependencies": "/Users/ybon/Desktop/PerfectTemplate/.build/debug/PerfectHTTPServer.build/HTTP2.swiftdeps"
  },
  "/Users/ybon/Desktop/PerfectTemplate/Packages/PerfectHTTPServer-2.0.9/Sources/PerfectHTTPServer/HTTPServer.swift": {
    "dependencies": "/Users/ybon/Desktop/PerfectTemplate/.build/debug/PerfectHTTPServer.build/HTTPServer.d",
    "object": "/Users/ybon/Desktop/PerfectTemplate/.build/debug/PerfectHTTPServer.build/HTTPServer.swift.o",
    "swiftmodule": "/Users/ybon/Desktop/PerfectTemplate/.build/debug/PerfectHTTPServer.build/HTTPServer~partial.swiftmodule",
    "swift-dependencies": "/Users/ybon/Desktop/PerfectTemplate/.build/debug/PerfectHTTPServer.build/HTTPServer.swiftdeps"
  },
  "/Users/ybon/Desktop/PerfectTemplate/Packages/PerfectHTTPServer-2.0.9/Sources/PerfectHTTPServer/HTTPServerEx.swift": {
    "dependencies": "/Users/ybon/Desktop/PerfectTemplate/.build/debug/PerfectHTTPServer.build/HTTPServerEx.d",
    "object": "/Users/ybon/Desktop/PerfectTemplate/.build/debug/PerfectHTTPServer.build/HTTPServerEx.swift.o",
    "swiftmodule": "/Users/ybon/Desktop/PerfectTemplate/.build/debug/PerfectHTTPServer.build/HTTPServerEx~partial.swiftmodule",
    "swift-dependencies": "/Users/ybon/Desktop/PerfectTemplate/.build/debug/PerfectHTTPServer.build/HTTPServerEx.swiftdeps"
  },
  "/Users/ybon/Desktop/PerfectTemplate/Packages/PerfectHTTPServer-2.0.9/Sources/PerfectHTTPServer/HTTPServerExConfig.swift": {
    "dependencies": "/Users/ybon/Desktop/PerfectTemplate/.build/debug/PerfectHTTPServer.build/HTTPServerExConfig.d",
    "object": "/Users/ybon/Desktop/PerfectTemplate/.build/debug/PerfectHTTPServer.build/HTTPServerExConfig.swift.o",
    "swiftmodule": "/Users/ybon/Desktop/PerfectTemplate/.build/debug/PerfectHTTPServer.build/HTTPServerExConfig~partial.swiftmodule",
    "swift-dependencies": "/Users/ybon/Desktop/PerfectTemplate/.build/debug/PerfectHTTPServer.build/HTTPServerExConfig.swiftdeps"
  }
}
