{
  "": {
    "swift-dependencies": "/Users/ybon/Desktop/PerfectTemplate/.build/debug/MySQL.build/master.swiftdeps"
  },
  "/Users/ybon/Desktop/PerfectTemplate/Packages/MySQL-2.0.4/Sources/MySQL/MySQL.swift": {
    "dependencies": "/Users/ybon/Desktop/PerfectTemplate/.build/debug/MySQL.build/MySQL.d",
    "object": "/Users/ybon/Desktop/PerfectTemplate/.build/debug/MySQL.build/MySQL.swift.o",
    "swiftmodule": "/Users/ybon/Desktop/PerfectTemplate/.build/debug/MySQL.build/MySQL~partial.swiftmodule",
    "swift-dependencies": "/Users/ybon/Desktop/PerfectTemplate/.build/debug/MySQL.build/MySQL.swiftdeps"
  }
}
