{
  "": {
    "swift-dependencies": "/Users/ybon/Desktop/PerfectTemplate/.build/debug/PerfectLib.build/master.swiftdeps"
  },
  "/Users/ybon/Desktop/PerfectTemplate/Packages/PerfectLib-2.0.9/Sources/PerfectLib/Bytes.swift": {
    "dependencies": "/Users/ybon/Desktop/PerfectTemplate/.build/debug/PerfectLib.build/Bytes.d",
    "object": "/Users/ybon/Desktop/PerfectTemplate/.build/debug/PerfectLib.build/Bytes.swift.o",
    "swiftmodule": "/Users/ybon/Desktop/PerfectTemplate/.build/debug/PerfectLib.build/Bytes~partial.swiftmodule",
    "swift-dependencies": "/Users/ybon/Desktop/PerfectTemplate/.build/debug/PerfectLib.build/Bytes.swiftdeps"
  },
  "/Users/ybon/Desktop/PerfectTemplate/Packages/PerfectLib-2.0.9/Sources/PerfectLib/Dir.swift": {
    "dependencies": "/Users/ybon/Desktop/PerfectTemplate/.build/debug/PerfectLib.build/Dir.d",
    "object": "/Users/ybon/Desktop/PerfectTemplate/.build/debug/PerfectLib.build/Dir.swift.o",
    "swiftmodule": "/Users/ybon/Desktop/PerfectTemplate/.build/debug/PerfectLib.build/Dir~partial.swiftmodule",
    "swift-dependencies": "/Users/ybon/Desktop/PerfectTemplate/.build/debug/PerfectLib.build/Dir.swiftdeps"
  },
  "/Users/ybon/Desktop/PerfectTemplate/Packages/PerfectLib-2.0.9/Sources/PerfectLib/File.swift": {
    "dependencies": "/Users/ybon/Desktop/PerfectTemplate/.build/debug/PerfectLib.build/File.d",
    "object": "/Users/ybon/Desktop/PerfectTemplate/.build/debug/PerfectLib.build/File.swift.o",
    "swiftmodule": "/Users/ybon/Desktop/PerfectTemplate/.build/debug/PerfectLib.build/File~partial.swiftmodule",
    "swift-dependencies": "/Users/ybon/Desktop/PerfectTemplate/.build/debug/PerfectLib.build/File.swiftdeps"
  },
  "/Users/ybon/Desktop/PerfectTemplate/Packages/PerfectLib-2.0.9/Sources/PerfectLib/JSONConvertible.swift": {
    "dependencies": "/Users/ybon/Desktop/PerfectTemplate/.build/debug/PerfectLib.build/JSONConvertible.d",
    "object": "/Users/ybon/Desktop/PerfectTemplate/.build/debug/PerfectLib.build/JSONConvertible.swift.o",
    "swiftmodule": "/Users/ybon/Desktop/PerfectTemplate/.build/debug/PerfectLib.build/JSONConvertible~partial.swiftmodule",
    "swift-dependencies": "/Users/ybon/Desktop/PerfectTemplate/.build/debug/PerfectLib.build/JSONConvertible.swiftdeps"
  },
  "/Users/ybon/Desktop/PerfectTemplate/Packages/PerfectLib-2.0.9/Sources/PerfectLib/Log.swift": {
    "dependencies": "/Users/ybon/Desktop/PerfectTemplate/.build/debug/PerfectLib.build/Log.d",
    "object": "/Users/ybon/Desktop/PerfectTemplate/.build/debug/PerfectLib.build/Log.swift.o",
    "swiftmodule": "/Users/ybon/Desktop/PerfectTemplate/.build/debug/PerfectLib.build/Log~partial.swiftmodule",
    "swift-dependencies": "/Users/ybon/Desktop/PerfectTemplate/.build/debug/PerfectLib.build/Log.swiftdeps"
  },
  "/Users/ybon/Desktop/PerfectTemplate/Packages/PerfectLib-2.0.9/Sources/PerfectLib/PerfectError.swift": {
    "dependencies": "/Users/ybon/Desktop/PerfectTemplate/.build/debug/PerfectLib.build/PerfectError.d",
    "object": "/Users/ybon/Desktop/PerfectTemplate/.build/debug/PerfectLib.build/PerfectError.swift.o",
    "swiftmodule": "/Users/ybon/Desktop/PerfectTemplate/.build/debug/PerfectLib.build/PerfectError~partial.swiftmodule",
    "swift-dependencies": "/Users/ybon/Desktop/PerfectTemplate/.build/debug/PerfectLib.build/PerfectError.swiftdeps"
  },
  "/Users/ybon/Desktop/PerfectTemplate/Packages/PerfectLib-2.0.9/Sources/PerfectLib/PerfectServer.swift": {
    "dependencies": "/Users/ybon/Desktop/PerfectTemplate/.build/debug/PerfectLib.build/PerfectServer.d",
    "object": "/Users/ybon/Desktop/PerfectTemplate/.build/debug/PerfectLib.build/PerfectServer.swift.o",
    "swiftmodule": "/Users/ybon/Desktop/PerfectTemplate/.build/debug/PerfectLib.build/PerfectServer~partial.swiftmodule",
    "swift-dependencies": "/Users/ybon/Desktop/PerfectTemplate/.build/debug/PerfectLib.build/PerfectServer.swiftdeps"
  },
  "/Users/ybon/Desktop/PerfectTemplate/Packages/PerfectLib-2.0.9/Sources/PerfectLib/SwiftCompatibility.swift": {
    "dependencies": "/Users/ybon/Desktop/PerfectTemplate/.build/debug/PerfectLib.build/SwiftCompatibility.d",
    "object": "/Users/ybon/Desktop/PerfectTemplate/.build/debug/PerfectLib.build/SwiftCompatibility.swift.o",
    "swiftmodule": "/Users/ybon/Desktop/PerfectTemplate/.build/debug/PerfectLib.build/SwiftCompatibility~partial.swiftmodule",
    "swift-dependencies": "/Users/ybon/Desktop/PerfectTemplate/.build/debug/PerfectLib.build/SwiftCompatibility.swiftdeps"
  },
  "/Users/ybon/Desktop/PerfectTemplate/Packages/PerfectLib-2.0.9/Sources/PerfectLib/SysProcess.swift": {
    "dependencies": "/Users/ybon/Desktop/PerfectTemplate/.build/debug/PerfectLib.build/SysProcess.d",
    "object": "/Users/ybon/Desktop/PerfectTemplate/.build/debug/PerfectLib.build/SysProcess.swift.o",
    "swiftmodule": "/Users/ybon/Desktop/PerfectTemplate/.build/debug/PerfectLib.build/SysProcess~partial.swiftmodule",
    "swift-dependencies": "/Users/ybon/Desktop/PerfectTemplate/.build/debug/PerfectLib.build/SysProcess.swiftdeps"
  },
  "/Users/ybon/Desktop/PerfectTemplate/Packages/PerfectLib-2.0.9/Sources/PerfectLib/Utilities.swift": {
    "dependencies": "/Users/ybon/Desktop/PerfectTemplate/.build/debug/PerfectLib.build/Utilities.d",
    "object": "/Users/ybon/Desktop/PerfectTemplate/.build/debug/PerfectLib.build/Utilities.swift.o",
    "swiftmodule": "/Users/ybon/Desktop/PerfectTemplate/.build/debug/PerfectLib.build/Utilities~partial.swiftmodule",
    "swift-dependencies": "/Users/ybon/Desktop/PerfectTemplate/.build/debug/PerfectLib.build/Utilities.swiftdeps"
  }
}
