{
  "": {
    "swift-dependencies": "/Users/ybon/Desktop/PerfectTemplate/.build/debug/ServerceDemo.build/master.swiftdeps"
  },
  "/Users/ybon/Desktop/PerfectTemplate/Sources/main.swift": {
    "dependencies": "/Users/ybon/Desktop/PerfectTemplate/.build/debug/ServerceDemo.build/main.d",
    "object": "/Users/ybon/Desktop/PerfectTemplate/.build/debug/ServerceDemo.build/main.swift.o",
    "swiftmodule": "/Users/ybon/Desktop/PerfectTemplate/.build/debug/ServerceDemo.build/main~partial.swiftmodule",
    "swift-dependencies": "/Users/ybon/Desktop/PerfectTemplate/.build/debug/ServerceDemo.build/main.swiftdeps"
  }
}
